{"cameraMode":{"drawMode":0,"name":"Shaded","section":"Shading Mode"},"sceneLighting":true,"audioPlay":false,"sceneViewState":{"showFog":true,"showMaterialUpdate":false,"showSkybox":true,"showFlares":true,"showImageEffects":true,"showParticleSystems":true},"in2DMode":false,"pivot":{"x":1.3468928337097169,"y":-4.016714096069336,"z":-7.836198806762695},"rotation":{"x":0.04442313686013222,"y":0.9522976875305176,"z":-0.25008124113082888,"w":0.16916099190711976},"size":27.52165985107422,"orthographic":false}